Usuário;Comentário
fernandobedani;@marcellapmora
beatriz_naailss;@luana_magalhaes22
beatriz_naailss;@cris_ramos_123
beatriz_naailss;@lucia_martins22
beatriz_naailss;@alineguimaraespsi
deiaholiveira;@ycamilly.16
deiaholiveira;@nilcegutierres
deiaholiveira;@len_yrry
vanessarailara;@andre_batista102
aline.oliveira21_;@soso.pontes9
elyanei90;@rosemeire5188
elyanei90;@pam.luciioo
elyanei90;@g_barbalho_
elyanei90;@caiocosta864
elyanei90;@marcosvelabarbalho
elyanei90;@maateuscost
elyanei90;@dilane_santos_
elyanei90;@professorvictorcrepaldi h
elyanei90;@silviapiraniexcursoes
elyanei90;@anderson_geyse
elyanei90;@kellyarcosta
elyanei90;@vaniaandrease
elyanei90;@cleo_costa_s
elyanei90;,@neiva_cds
elyanei90;@caiocostapinhei
elyanei90;@nidia.costa.182
elyanei90;@oseas_bandeira
elyanei90;@silvia_re_pirani
elyanei90;@leonardo.de_marco
elyanei90;@leziacosta
elyanei90;@cleonice.costa.9250
michelleems2013;@elaine.sperez
michelleems2013;@aline_silvamalu
michelleems2013;@brunagiomo
michelleems2013;@mayara_ssb
michelleems2013;@emerson.cns
michelleems2013;@lugoncalvesclinica
michelleems2013;@bruno_morganti
elyanei90;@silvia_re_pirani
elyanei90;@vaniaandrease
elyanei90;@rosemeire5188
elyanei90;@caiocosta864
elyanei90;@marcosvelabarbalho
elyanei90;@marinapaandolfi
elyanei90;@professorvictorcrepaldi h
elyanei90;@angelicammarcheti
elyanei90;@silviapiraniexcursoes
elyanei90;@demarcojuliana
elyanei90;@leonardo.de_marco
elyanei90;@caiocostapinhei
elyanei90;@oseas_bandeira
elyanei90;@nidia.costa.182
elyanei90;@prof.alinetravassos
elyanei90;@claucostabarros
aline.oliveira21_;@mariadaconceicaodejesussalles
aline.oliveira21_;@lucineiadantasjoselui
elyanei90;@rodriguesdesouzaerica
elyanei90;@leziacosta
elyanei90;@gordinho_do_oouro
elyanei90;@cleo_costa_s
elyanei90;,@neiva_cds
elyanei90;@anderson_geyse
elyanei90;@dilane_santos_
elyanei90;@maateuscost
elyanei90;@pam.luciioo
elyanei90;@g_barbalho_
aline.oliveira21_;@soso.pontes9
aline.oliveira21_;@esmaildasouza
revise.e.normalize;@elisa.betty14
aline.oliveira21_;@lucineiadantasjoselui
aline.oliveira21_;@_maria.janielysilva
aline.oliveira21_;@espacobelezacleusamaria
aline.oliveira21_;@zachijussara
aline.oliveira21_;@zachijussara
aline.oliveira21_;@lucineiadantasjoselui
aline.oliveira21_;@joelma_teixeiramelo
roberttalves;@rafael_p_jorge
bezerranay_;@fabricia.tomasela
bezerranay_;@cidasantos0089
bezerranay_;@fernanda.mendes.92317
bezerranay_;@marcelacavalcanti93
bezerranay_;@paola.paixao.7965
bezerranay_;@franbozza_
bezerranay_;@anavictoriaqueiroz
bezerranay_;@suzannacordeiro
bezerranay_;@suelisilva1202
bezerranay_;@leticia_calogero83
bezerranay_;@thainacrocha
bezerranay_;@amanda_kelcyy
bezerranay_;@marcela_e_kju
bezerranay_;@vanguadaline
bezerranay_;@vanessabataus
bezerranay_;@lahscorcce
bezerranay_;@romualdomelissa
bezerranay_;@susanbgoes
bezerranay_;@fernandinhap3
bezerranay_;@fernandapontolio
bezerranay_;@claudenicegirotto
bezerranay_;@claudinhacardosovr
bezerranay_;@gabrielle_pachecoo
bezerranay_;@arianealmeida820
bezerranay_;@elizangelatataa
bezerranay_;@saasouza9
bezerranay_;@leiapeereira
bezerranay_;@jessicavr
aline.oliveira21_;@millanleite252
aline.oliveira21_;@ket_forte_
aline.oliveira21_;@janainagomesda73
aline.oliveira21_;@danielaribeiro182
aline.oliveira21_;@edvaldoagripino_cosmeticos
aline.oliveira21_;@melgabriele10
aline.oliveira21_;@lays_crys02
aline.oliveira21_;@lear_acustico
aline.oliveira21_;@siimone_paulino
aline.oliveira21_;@adriano.maciel.39395033
aline.oliveira21_;@varanda_da_fazenda
andrea_hirae;@allinevolpe
andrea_hirae;@isabelperezlasso
andrea_hirae;@andreiacpa
andreia_mandaji;@ciliapaula
andreia_mandaji;@yan_alvares
andreia_mandaji;@isaandraade
andreia_mandaji;@enf_anagomes
andreia_mandaji;@gabrieljbarros
andreia_mandaji;@livia.celenza
andreia_mandaji;@alinecelenza
andreia_mandaji;@jaconclaudia
andreia_mandaji;@andreia.carmanhani
andreia_mandaji;@29josidias
andreia_mandaji;@jocieli_valga
andreia_mandaji;@patriciajacondias
andreia_mandaji;@mandajirosiclerdasilva
andreia_mandaji;@dayara__rossi
andreia_mandaji;@muurilorossi
andreia_mandaji;@marapompeo
andreia_mandaji;@pedrolibrais
andreia_mandaji;@llealmeida
andreia_mandaji;@marianetaiettesato
andreia_mandaji;@mariliabprever
andreia_mandaji;@igorlibrais
andreia_mandaji;@juliocesar_librais
aline.oliveira21_;@gihf.erraz
aline.oliveira21_;@agathaa897
aline.oliveira21_;@gabrieleduarte08
aline.oliveira21_;@pedrin_hr014
aline.oliveira21_;@agatha_vitoria_3105.t
aline.oliveira21_;@leticiassilvaah
aline.oliveira21_;@lucineiadantasjoselui
aline.oliveira21_;@28.756030
aline.oliveira21_;@marangonimarciano
aline.oliveira21_;@suelendeolyveira
aline.oliveira21_;@eumah_cuer
aline.oliveira21_;@alcantara_cacilda
aline.oliveira21_;@marcunascamila
aline.oliveira21_;@maribviana_
aline.oliveira21_;@lylleme
aline.oliveira21_;@ivansanchesr32
aline.oliveira21_;@angelicaasandrade
anna_barretto01;@barretto_lisaa
michelleems2013;@drinksesaboresmarilia
michelleems2013;@bellcristina28
michelleems2013;@sebeautyhair
elyanei90;@annalubitten
elyanei90;@jucilenesouza_
elyanei90;@neiregiane
elyanei90;@jueasmeninass
elyanei90;@barbalhojane
elyanei90;@scosta2013
elyanei90;@rosana.pereira10
elyanei90;@caiocosta864
elyanei90;@priscilla.campello
elyanei90;@creusa.costa.9216
aline.oliveira21_;@gah_rodrigues59
aline.oliveira21_;@mariaisabel.cassiano.1
aline.oliveira21_;@rafav_014
aline.oliveira21_;@rafaelgalina1982
aline.oliveira21_;@antonellamello
aline.oliveira21_;@cristiane__leme
eloisavictoriia;@bcassandre_
eloisavictoriia;@giovannaddantas
eloisavictoriia;@stepazini_
eloisavictoriia;@giuliadanielle.santos
eloisavictoriia;@cristiane_ladeia23
eloisavictoriia;@taniamlsvga
eloisavictoriia;@fabianadebranco
eloisavictoriia;@thanicoleti
eloisavictoriia;@danieli.0101
eloisavictoriia;@gabys._snts
eloisavictoriia;@amandacanevazzigr
eloisavictoriia;@marinesvellucci
eloisavictoriia;@reginaopires321__
eloisavictoriia;@vaniadantasscee
eloisavictoriia;@daisepiresteixeira
eloisavictoriia;@gabivellucci
eloisavictoriia;@wagner_teixeira.dasilva
eloisavictoriia;@marioecidinha
eloisavictoriia;@stelacanevazzi
eloisavictoriia;@isabelapirest_
eloisavictoriia;@jummouraoo
eloisavictoriia;@lucimarapires_
eloisavictoriia;@viniciuscanevazzii
eloisaugc;@dadabranco
eloisaugc;@ivaniateixeirazullo
eloisaugc;@adelaidepires2016
eloisaugc;@tawanypires_
eloisaugc;@isabelapirest_
eloisaugc;@thays.sz
eloisaugc;@thanicoleti
eloisaugc;@daisepiresteixeira
eloisaugc;@mel.av05
eloisaugc;@fabianadebranco
eloisaugc;@anacruzbr
eloisaugc;@mariadnelazaro
eloisaugc;@vankerle.castrougc
eloisaugc;@malinovski.l
eloisaugc;@isadoramaria.c
eloisaugc;@lucimarapires_
eloisaugc;@vaniadantasscee
eloisaugc;@viniciuscanevazzii
deiaholiveira;@nessa011329
deiaholiveira;@fernandaoliveira.cs
aline.oliveira21_;@patriciaagirotto
aline.oliveira21_;@alcantara_cacilda
aline.oliveira21_;@cleideferreira.adv
aline.oliveira21_;@angelavergalim
aline.oliveira21_;@carv_jaque
aline.oliveira21_;@lanzaamarildo
aline.oliveira21_;@delabruna2024
aline.oliveira21_;@luciatateishi
aline.oliveira21_;@maria.julia_amorim
aline.oliveira21_;@beatriz_scf
aline.oliveira21_;@rafav_014
aline.oliveira21_;@pedrin_hr014
aline.oliveira21_;@carolsilvabraids
aline.oliveira21_;@marcunascamila
aline.oliveira21_;@ildamessias9
aline.oliveira21_;@dirce_carneiro2
aline.oliveira21_;@patriciarodrigues0407
aline.oliveira21_;@carvalhocrisb
aline.oliveira21_;@elianabonfim2026
aline.oliveira21_;@edvaldoagripino_cosmeticos
aline.oliveira21_;@paulinhalima57
aline.oliveira21_;@gilmarmirandinha
aline.oliveira21_;@paula5768
aline.oliveira21_;@agatha_vitoria_3105.t
aline.oliveira21_;@siimone_paulino
mel.av05;@daily_mel.issa
aline.oliveira21_;@niilvaoliveira
aline.oliveira21_;@nilzabisterco
aline.oliveira21_;@santosedinalvabezerrados
aline.oliveira21_;@lylleme
aline.oliveira21_;@kelren_aruna
aline.oliveira21_;@rodinei.antunes
marcellapmora;@dradanielalicorio
marcellapmora;@matheusmoraa
marcellapmora;@fernandobedani
karinaoliveira.a;@franvruiz
karinaoliveira.a;@jupaglioni
karinaoliveira.a;@psicologiaclinica.longevidade
karinaoliveira.a;@zilene.araujo.39
karinaoliveira.a;@erineteearaujo
karinaoliveira.a;@taispaio
karinaoliveira.a;@marcio_navarro_oficial
vanessarailara;@simon_e3105
vanessarailara;@euricofsilva
vanessarailara;@andreh.luiss
vanessarailara;@thassineves
vanessarailara;@simoneelara
vanessarailara;@mayasarmento
vanessarailara;@amandademarcocezar
vanessarailara;@italoneeves
vanessarailara;@debralorenzetti
vanessarailara;@vitorbortoletto10
vanessarailara;@maiarapissin
vanessarailara;@ireneshimitt
vanessarailara;@marceloalara15
vanessarailara;@rafael.gon.fis
vanessarailara;@alinefdeoliveira
vanessarailara;@gabi.spila
vanessarailara;@danimedinart
vanessarailara;@renan88r
vanessarailara;@_sahraimundi
vanessarailara;@solano.ju
vanessarailara;@ju.raimundi
vanessarailara;@_sahraimundi
vanessarailara;@neiaraimundi
vanessarailara;@matildebraimundi
vanessarailara;@matildebraimundi
vanessarailara;@neiaraimundi
vanessarailara;@mihraimundi
vanessarailara;@vanr.2024
vanessarailara;@psi.vanessal
vanessarailara;@nilzaraimundi
vanessarailara;@erickshimitt
nutrikarinecustodio;@_barbaracazer
nutrikarinecustodio;@abreurb
nutrikarinecustodio;@cecii.custodio
nutrikarinecustodio;@bredadeabreu
nutrikarinecustodio;@naoma_custodio
nutrikarinecustodio;@valmartins.nutri
lekethelin;@kkvic_
lekethelin;@joicemouraa
lekethelin;@anderson.rmr
aline.oliveira21_;@rodinei.antunes
aline.oliveira21_;@28.756030
aline.oliveira21_;@gabrieleduarte08
aline.oliveira21_;@lylleme
aline.oliveira21_;@steph.leme
aline.oliveira21_;@simoneferreira8141
aline.oliveira21_;@paula5768
deiaholiveira;@espaco.bruna.mello
deiaholiveira;@_laurabelentani
deiaholiveira;@sandrarouparia
deiaholiveira;@andreia_mandaji
deiaholiveira;@p.terto
deiaholiveira;@carinarocha56
deiaholiveira;@livia.celenza
deiaholiveira;@juliia.carvalho
deiaholiveira;@belallima_94
deiaholiveira;@andreiados23
deiaholiveira;@sonia.rcrispim
deiaholiveira;@beatrizoliveira.pmu
deiaholiveira;@beatrizoliveira.pmu
deiaholiveira;@biancadivino
deiaholiveira;@murilo_frts22
deiaholiveira;@leffernandes
deiaholiveira;@aline.dutra.palmeira
deiaholiveira;@estelacrispim
deiaholiveira;@mauriciopurcino
deiaholiveira;@michelefonsecaalves
deiaholiveira;@o.anahelena
deiaholiveira;@dumasjunior
deiaholiveira;@michellinha2012
deiaholiveira;@micaherculano
deiaholiveira;@malu.soliveira
soniasalomao;@lokaobras
soniasalomao;@carolinasausanavicius.adv
soniasalomao;@marimartins_nanopigmentacao
soniasalomao;@camiescudeiro
soniasalomao;@julianaremanaschi
soniasalomao;@brunamarques.almeida
aline.oliveira21_;@preciosapaty777
aline.oliveira21_;@jpaulonascimentods
aline.oliveira21_;@pedrin_hr014
aline.oliveira21_;@nessadepoisdos30
aline.oliveira21_;@mariaisabel.cassiano.1
aline.oliveira21_;@gabrieleduarte08
aline.oliveira21_;@santos.indi
aline.oliveira21_;@alcantara_cacilda
aline.oliveira21_;@__nascimento1
aline.oliveira21_;@tatiane_cristina_oliveira
aline.oliveira21_;@bete.alves77
aline.oliveira21_;@lylleme
aline.oliveira21_;@binho_guto253
aline.oliveira21_;@anamaria.matia
aline.oliveira21_;@wilsonfogacat
aline.oliveira21_;@patriciaagirotto
aline.oliveira21_;@dayaborges1994
aline.oliveira21_;@lelima62
aline.oliveira21_;@ivansanchesr32
aline.oliveira21_;@agathaa897
aline.oliveira21_;@silva__eli
aline.oliveira21_;@lanzaamarildo
aline.oliveira21_;@stephaniesilva_0412
aline.oliveira21_;@pedrin_hr014
aline.oliveira21_;@paula.coracini
aline.oliveira21_;@tayronsantos22
aline.oliveira21_;@anaaa_basilioo
aline.oliveira21_;@varanda_da_fazenda
aline.oliveira21_;@dnerso77
aline.oliveira21_;@melgabriele10
aline.oliveira21_;@lays_crys02
aline.oliveira21_;@adryana492
aline.oliveira21_;@claudia.claudinha.355
aline.oliveira21_;@marcunascamila
aline.oliveira21_;@bete.alves77
aline.oliveira21_;@kamilly.leitee
aline.oliveira21_;@gabrieleduarte08
aline.oliveira21_;@xmilima23
aline.oliveira21_;@lucimar_ferigate
aline.oliveira21_;@marangonimarciano
aline.oliveira21_;@alinesouza5915
aline.oliveira21_;@ana.nascteixei
aline.oliveira21_;@elianabonfim2026
aline.oliveira21_;@ket_forte_
aline.oliveira21_;@rosemeiredepaula3
aline.oliveira21_;@anamaria.matia
aline.oliveira21_;@naoseiusuario____
aline.oliveira21_;@nessadepoisdos30
aline.oliveira21_;@massucatto_lurdinha
aline.oliveira21_;@edneia.leite.522
aline.oliveira21_;@_ivanildemartinss
aline.oliveira21_;@alice_souza.silva
aline.oliveira21_;@mayatinha.vicente
aline.oliveira21_;@alcantara_cacilda
aline.oliveira21_;@anaaa_basilioo
aline.oliveira21_;@souzamariaalzirade
aline.oliveira21_;@agathaa897
aline.oliveira21_;@mariaisabel.cassiano.1
aline.oliveira21_;@ps_deane
aline.oliveira21_;@franciscoalmeida4760
aline.oliveira21_;@adryana492
aline.oliveira21_;@delabruna2024
aline.oliveira21_;@cristiana3705
aline.oliveira21_;@ceciliagi333
aline.oliveira21_;@rafa_carvaalho_
aline.oliveira21_;@marialopes_barbosa
aline.oliveira21_;@_maria.janielysilva
aline.oliveira21_;@zachijussara
aline.oliveira21_;@elaine_honorato_14
aline.oliveira21_;@dayaborges1994
aline.oliveira21_;@wilsonfogacat
aline.oliveira21_;@andresanches18
aline.oliveira21_;@agatha_vitoria_3105.t
aline.oliveira21_;@lays_crys02
aline.oliveira21_;@janainadaantas
aline.oliveira21_;@eumah_cuer
aline.oliveira21_;@millanleite252
aline.oliveira21_;@gilmarmirandinha
aline.oliveira21_;@deboragarciaregina
aline.oliveira21_;@meireellenmeloo
aline.oliveira21_;@agatah_100
aline.oliveira21_;@pvdd.jujubys
aline.oliveira21_;@preciosapaty777
aline.oliveira21_;@tayronsantos22
aline.oliveira21_;@stephaniesilva_0412
aline.oliveira21_;@adevaircolucci
aline.oliveira21_;@camilaoliveira9291
andrea_hirae;@margarethoctacilio
andrea_hirae;@leticiabhq
andrea_hirae;@mariillu
andrea_hirae;@na.hirae
aline.oliveira21_;@marangonimarciano
aline.oliveira21_;@patriciaagirotto
aline.oliveira21_;@silva__eli
aline.oliveira21_;@steph.leme a
aline.oliveira21_;@janainadaantas
aline.oliveira21_;@jeniferaparecida67
aline.oliveira21_;@analytanaka
aline.oliveira21_;@nessadepoisdos30
aline.oliveira21_;@wilsonfogacat
aline.oliveira21_;@janainadaantas
aline.oliveira21_;@mayatinha.vicente a
aline.oliveira21_;@hellencarollyne
aline.oliveira21_;@gabrieleduarte08
aline.oliveira21_;@pvdd.jujubys
aline.oliveira21_;@rafav_014
aline.oliveira21_;@jpaulonascimentods
aline.oliveira21_;@prisonsim
aline.oliveira21_;@santos.indi
aline.oliveira21_;@munhozvaldirene
aline.oliveira21_;@lu_ferigate
aline.oliveira21_;@rafa_carvaalho_
aline.oliveira21_;@barbara49costa
aline.oliveira21_;@antonellamello
aline.oliveira21_;@jpaulonascimentods
aline.oliveira21_;@beatriz_scf
aline.oliveira21_;@rosepsmachado
aline.oliveira21_;@kamilly.leitee
aline.oliveira21_;@rosepsmachado
aline.oliveira21_;@edneia.leite.522
aline.oliveira21_;@stephaniesilva_0412
aline.oliveira21_;@_angelcestari
aline.oliveira21_;@dnerso77
aline.oliveira21_;@patriciarodrigues0407
aline.oliveira21_;@lu_ferigate
aline.oliveira21_;@lainesilvaribeiro
aline.oliveira21_;@espacobelezacleusamaria
aline.oliveira21_;@lainesilvaribeiro
aline.oliveira21_;@elianabonfim2026
aline.oliveira21_;@adryana492
aline.oliveira21_;@thomaz7201
aline.oliveira21_;@danielaribeiro182
aline.oliveira21_;@carvalhocrisb
aline.oliveira21_;@cristianealves892
aline.oliveira21_;@ivansanchesr32
aline.oliveira21_;@rosepsmachado
aline.oliveira21_;@paula5768
aline.oliveira21_;@denerdenival
aline.oliveira21_;@juninho08silva
aline.oliveira21_;@andresanches18
aline.oliveira21_;@simoneferreira8141
aline.oliveira21_;@jason_valsecchi
aline.oliveira21_;@danielaribeiro182
aline.oliveira21_;@paulinhalima57
aline.oliveira21_;@_ivanildemartinss
aline.oliveira21_;@_ivanildemartinss
aline.oliveira21_;@thainafortunatooliv
aline.oliveira21_;@kathleen.amanda
aline.oliveira21_;@adriano.maciel.39395033
aline.oliveira21_;@mariadaconceicaodejesussalles
aline.oliveira21_;@alice_souza.silva
aline.oliveira21_;@millanleite252
mel.av05;@maria.a.costa_
mel.av05;@cahvtrindade
mel.av05;@bianca.vtrindade
mel.av05;@danivieira_d
mel.av05;@analauralt
mel.av05;@gabivellucci
mel.av05;@dailymcmari
mel.av05;@yas_minnunnes
mel.av05;@eloisavictoriia
mel.av05;@aarao.srt
mel.av05;@aparecidadonizeteabbate
mel.av05;@sami_abbate7
aline.oliveira21_;@delabruna2024
aline.oliveira21_;@oliveira_miriam89
aline.oliveira21_;@marlenemarinho79
aline.oliveira21_;@mayatinha.vicente
aline.oliveira21_;@angellima_store
aline.oliveira21_;@wilsonfogacat
aline.oliveira21_;@nilzabisterco
aline.oliveira21_;@marialopes_barbosa
aline.oliveira21_;@alice_souza.silva
piraginemelissa;@joiceroldan
piraginemelissa;@leonardoportellaa_
piraginemelissa;@dayane_saito
piraginemelissa;@michellalb
piraginemelissa;@mehzavanelli
piraginemelissa;@ana_karolina_ss
piraginemelissa;@dracarlabortolotto
piraginemelissa;@draeduardagodoy
piraginemelissa;@zanoni.regina
piraginemelissa;@marcuspiragine
piraginemelissa;@dalinemussi
piraginemelissa;@almeidapradomartins
piraginemelissa;@mipiragine
piraginemelissa;@ppiraginemartins
piraginemelissa;@marcoaureliofortunatomartins
aline.oliveira21_;@niilvaoliveira
miih_souuzaa;@luabreuol
aline.oliveira21_;@sara.miranda.5680
aline.oliveira21_;@jeniferaparecida67
aline.oliveira21_;@ricardojosedeoliveirao
aline.oliveira21_;@nilzabisterco
aline.oliveira21_;@tayronsantos22
aline.oliveira21_;@lena.alves.9047
aline.oliveira21_;@anaaa_basilioo
aline.oliveira21_;@patriciarodrigues0407 a
aline.oliveira21_;@lays_crys02
aline.oliveira21_;@bete.alves77
aline.oliveira21_;@ket_forte_
aline.oliveira21_;@juninho08silva
aline.oliveira21_;@edvaldoagripino_cosmeticos
aline.oliveira21_;@gabrielgomesdasilva18
aline.oliveira21_;@danielaribeiro182
aline.oliveira21_;@adriano.maciel.39395033
aline.oliveira21_;@ana.nascteixei
aline.oliveira21_;@andresanches18
aline.oliveira21_;@lays_crys02
aline.oliveira21_;@miletmaciel
aline.oliveira21_;@elaine_honorato_14
aline.oliveira21_;@agatha_vitoria_3105.t
aline.oliveira21_;@oliveira_miriam89
aline.oliveira21_;@franciscoalmeida4760
aline.oliveira21_;@marcunascamila
aline.oliveira21_;@alinecardozodealmeida
aline.oliveira21_;@lo_domingues12
aline.oliveira21_;@anaaa_basilioo
aline.oliveira21_;@_angelcestari
aline.oliveira21_;@okada_lee
aline.oliveira21_;@xmilima23
aline.oliveira21_;@kelren_aruna
aline.oliveira21_;@lear_acustico
aline.oliveira21_;@peracinitati
aline.oliveira21_;@_maria.janielysilva
aline.oliveira21_;@gabrielgomesdasilva18
aline.oliveira21_;@meireellenmeloo
aline.oliveira21_;@wilsonfogacat
aline.oliveira21_;@claudia.claudinha.355
aline.oliveira21_;@28.756030
aline.oliveira21_;@leticiassilvaah
aline.oliveira21_;@gah_rodrigues59
aline.oliveira21_;@mariaisabel.cassiano.1
aline.oliveira21_;@agatha_vitoria_3105.t
aline.oliveira21_;@angelavergalim
aline.oliveira21_;@roberto.galiano22
aline.oliveira21_;@cristiane__leme
aline.oliveira21_;@edneia.leite.522
aline.oliveira21_;@janainagomesda73
aline.oliveira21_;@elianabonfim2026
aline.oliveira21_;@edison.lourenco.507
aline.oliveira21_;@gilmarmirandinha
aline.oliveira21_;@thomaz7201
bezerranay_;@cidasantos0089
bezerranay_;@thaiiis.rocha
bezerranay_;@ericabispog
bezerranay_;@fernanda.russian
bezerranay_;@roseanealmeida17
bezerranay_;@leilasausanavicius
bezerranay_;@alessandrasilvale82
bezerranay_;@_josicorrea93
bezerranay_;@beatrizz_9918
revise.e.normalize;@greiceellen22
revise.e.normalize;@gonzalesgian
revise.e.normalize;@valpascoal
revise.e.normalize;@h_ta.ban
revise.e.normalize;@tifanyyukari
aline.oliveira21_;@analytanaka
aline.oliveira21_;@angellima_store
aline.oliveira21_;@maiira_lash
aline.oliveira21_;@rosemarylpereira
aline.oliveira21_;@rafaelgalina1982
aline.oliveira21_;@jason_valsecchi
aline.oliveira21_;@millanleite252
aline.oliveira21_;@agathaa897
aline.oliveira21_;@agatah_100
aline.oliveira21_;@lylleme
aline.oliveira21_;@patriciaagirotto
aline.oliveira21_;@fss_felipe_pinturas
aline.oliveira21_;@rodinei.antunes
aline.oliveira21_;@_.lilokaaa10
aline.oliveira21_;@xmilima23
aline.oliveira21_;@diasjerusadefarias
aline.oliveira21_;@marangonimarciano
aline.oliveira21_;@silva__eli
aline.oliveira21_;@@millanleite252
aline.oliveira21_;@lorry.tavares
aline.oliveira21_;@adevaircolucci
aline.oliveira21_;@cristianealves892
aline.oliveira21_;@lays_crys02
aline.oliveira21_;@cleane2902
aline.oliveira21_;@leticiassilvaah
aline.oliveira21_;@gabrielgomesdasilva18
aline.oliveira21_;@siimone_paulino
aline.oliveira21_;@massucatto_lurdinha
aline.oliveira21_;@anamaria.matia
aline.oliveira21_;@drikafalandes
aline.oliveira21_;@andresanches18
aline.oliveira21_;@lorry.tavares
aline.oliveira21_;@massucatto_lurdinha
aline.oliveira21_;@paula5768
aline.oliveira21_;@alice_souza.silva
aline.oliveira21_;@_maria.janielysilva
aline.oliveira21_;@massucatto_lurdinha
aline.oliveira21_;@edvaldoagripino_cosmeticos
aline.oliveira21_;@_maria.janielysilva
aline.oliveira21_;@danielaribeiro182
aline.oliveira21_;@millanleite252
aline.oliveira21_;@dedimdearte
aline.oliveira21_;@rafav_014
aline.oliveira21_;@murjia
aline.oliveira21_;@simoneferreira8141
aline.oliveira21_;@gilmarmirandinha
aline.oliveira21_;@peracinitati
aline.oliveira21_;@alice_souza.silva
aline.oliveira21_;@claudia.claudinha.355
aline.oliveira21_;@edvaldoagripino_cosmeticos
aline.oliveira21_;@mineirinha1508
aline.oliveira21_;@alice_souza.silva
aline.oliveira21_;@rodrigues.kaua
aline.oliveira21_;@tayronsantos22
aline.oliveira21_;@rosepsmachado
aline.oliveira21_;@angelavergalim
aline.oliveira21_;@massucatto_lurdinha
aline.oliveira21_;@diasjerusadefarias
aline.oliveira21_;@andresanches18
aline.oliveira21_;@danielaribeiro182
aline.oliveira21_;@siimone_paulino
aline.oliveira21_;@elianabonfim2026
aline.oliveira21_;@edneia.leite.522
aline.oliveira21_;@okada_lee
aline.oliveira21_;@jpaulonascimentods
aline.oliveira21_;@taty_hila
aline.oliveira21_;@leticiassilvaah
aline.oliveira21_;@patriciarodrigues0407
aline.oliveira21_;@barbara49costa
aline.oliveira21_;@adryana492
aline.oliveira21_;@anamaria.matia
aline.oliveira21_;@lucimar_ferigate
aline.oliveira21_;@drikafalandes
aline.oliveira21_;@melgabriele10
aline.oliveira21_;@antonellamello
aline.oliveira21_;@tatiane_cristina_oliveira
aline.oliveira21_;@diasjerusadefarias
aline.oliveira21_;@ket_forte_
aline.oliveira21_;@kelren_aruna
aline.oliveira21_;@lorry.tavares
aline.oliveira21_;@suelenstephanido
aline.oliveira21_;@goreti203ccb
aline.oliveira21_;@gilmarmirandinha
aline.oliveira21_;@edison.lourenco.507
aline.oliveira21_;@cleideferreira.adv
aline.oliveira21_;@jason_valsecchi
aline.oliveira21_;@murjia
aline.oliveira21_;@gilmarmirandinha
aline.oliveira21_;@paulinhalima57 @
aline.oliveira21_;@alice_souza.silva
aline.oliveira21_;@edvaldoagripino_cosmeticos
aline.oliveira21_;@suelenstephanido
aline.oliveira21_;@bebe.te13
aline.oliveira21_;@tayronsantos22
aline.oliveira21_;@goreti203ccb
aline.oliveira21_;@agatha_vitoria_3105.t
aline.oliveira21_;@lena.alves.9047
aline.oliveira21_;@murjia
vitordasul014;@tech_face
vitordasul014;@janetecleiadasilva
vitordasul014;@lx_p17
vitordasul014;@bruninhonzreserva
vitordasul014;@dsjujuu
vitordasul014;@rodrigodeoliveira26
vitordasul014;@thiagosilva.1914
vitordasul014;@rosabatista2164
vitordasul014;@jenni014.ofc
vitordasul014;@lopesswcamila
vitordasul014;@miih_souuzaa
vitordasul014;@huhalasumberto
vitordasul014;@kassia_santos03
vitordasul014;@duda_siqueira014
vitordasul014;@afachini014
vitordasul014;@amichellecristine
vitordasul014;@_v.n_011
vitordasul014;@eliisah_
vitordasul014;@jaqrangel
vitordasul014;@freddiejuniorof
vitordasul014;@kaique_arcanjo67
vitordasul014;@_rlk.massonatto
vitordasul014;@kahcferreiraa
vitordasul014;@michele_cristina_de_morais
vitordasul014;@its.jheyjeniffer
vitordasul014;@taquipariuramosdnv
vitordasul014;@_eduarda.siqueira7
vitordasul014;@taquipariuramosdnv
vitordasul014;@valdemarvelosojunior
vitordasul014;@rodolfohutter1
vitordasul014;@andreiarodriguesqueirozz
vitordasul014;@franaline.31_
vitordasul014;@natasharibeiro794
vitordasul014;@lolasantanna026
vitordasul014;@mp.bellagirls
vitordasul014;@carmemdossantos5850
vitordasul014;@markisleo
aline.oliveira21_;@ivansanchesr32
aline.oliveira21_;@ivansanchesr32
aline.oliveira21_;@owl_16_junho
aline.oliveira21_;@franciscoalmeida4760
aline.oliveira21_;@joelma_teixeiramelo
aline.oliveira21_;@ket_forte_
aline.oliveira21_;@alinecardozodealmeida
aline.oliveira21_;@angelavergalim
aline.oliveira21_;@iracipereira.pardim
aline.oliveira21_;@_maria.janielysilva
aline.oliveira21_;@agatha_vitoria_3105.t
aline.oliveira21_;@carvalhocrisb
aline.oliveira21_;@goreti203ccb
aline.oliveira21_;@mineirinha1508
aline.oliveira21_;@lena.alves.9047
aline.oliveira21_;@gabrielgomesdasilva18
aline.oliveira21_;@peracinitati
aline.oliveira21_;@thomaz7201
aline.oliveira21_;@cleideferreira.adv
aline.oliveira21_;@alice_souza.silva
aline.oliveira21_;@angelavergalim
aline.oliveira21_;@rosemeiredepaula3
aline.oliveira21_;@mineirinha1508
aline.oliveira21_;@claudia.claudinha.355
aline.oliveira21_;@melgabriele10
aline.oliveira21_;@pr.adrianomaciel1805
aline.oliveira21_;@edvaldoagripino_cosmeticos
aline.oliveira21_;@murjia
aline.oliveira21_;@gilmarmirandinha
aline.oliveira21_;@alice_souza.silva
aline.oliveira21_;@alice_souza.silva
rafabritopersonal;@viniciusfhe
rafabritopersonal;@guilherme_fp
rafabritopersonal;@matheussparapan
rafabritopersonal;@butarellijoao
aline.oliveira21_;@andresanches18
aline.oliveira21_;@janainagomesda73
aline.oliveira21_;@espacobelezacleusamaria
aline.oliveira21_;@murjia
aline.oliveira21_;@patriciarodrigues0407
aline.oliveira21_;@adryana492
aline.oliveira21_;@simoneferreira8141
aline.oliveira21_;@camilaoliveira9291
aline.oliveira21_;@niilvaoliveira
aline.oliveira21_;@edison.lourenco.507
aline.oliveira21_;@janainagomesda73
aline.oliveira21_;@melgabriele10
aline.oliveira21_;@diasjerusadefarias
aline.oliveira21_;@lena.alves.9047
aline.oliveira21_;@andresanches18
aline.oliveira21_;@lena.alves.9047
aline.oliveira21_;@lena.alves.9047
aline.oliveira21_;@paulinhalima57
aline.oliveira21_;@angelavergalim
aline.oliveira21_;@lays_crys02
aline.oliveira21_;@janainagomesda73
aline.oliveira21_;@mariaisabel.cassiano.1
aline.oliveira21_;@siimone_paulino
aline.oliveira21_;@_ivanildemartinss
marisaaparecida2026;@diass__nik
aline.oliveira21_;@_maria.janielysilva
aline.oliveira21_;@esmaildasouza
aline.oliveira21_;@leticiassilvaah
aline.oliveira21_;@simoneferreira8141
aline.oliveira21_;@edison.lourenco.507
aline.oliveira21_;@elianabonfim2026
aline.oliveira21_;@millanleite252
aline.oliveira21_;@lena.alves.9047
aline.oliveira21_;@kelren_aruna
aline.oliveira21_;@tatiane_cristina_oliveira
aline.oliveira21_;@lorry.tavares
aline.oliveira21_;@lays_crys02
aline.oliveira21_;@espacobelezacleusamaria
aline.oliveira21_;@goreti203ccb
aline.oliveira21_;@ket_forte_
aline.oliveira21_;@barbara49costa
aline.oliveira21_;@patriciaagirotto
aline.oliveira21_;@luciatateishi
aline.oliveira21_;@mariaisabel.cassiano.1
aline.oliveira21_;@dayaborges1994
aline.oliveira21_;@tayronsantos22
aline.oliveira21_;@angelicaasandrade
aline.oliveira21_;@cristianealves892
aline.oliveira21_;@elianabonfim2026
aline.oliveira21_;@cristiane__leme
aline.oliveira21_;@edison.lourenco.507
aline.oliveira21_;@sara.miranda.5680
aline.oliveira21_;@adriano.maciel.39395033
bezerranay_;@rerromualdo
bezerranay_;@amandaoliveiraaa_
bezerranay_;@roseanealmeida17
bezerranay_;@thaiiis.rocha
bezerranay_;@carolinedantas14
bezerranay_;@leilasausanavicius
bezerranay_;@roseromuald0_
bezerranay_;@_josicorrea93
eduardafoolco;@danibelinii
eduardafoolco;@macedofda_corretor
layarandrade;@lari_previatto
layarandrade;@jessicatintoree
layarandrade;@stephanie__lopes
layarandrade;@_hellenbaldo
layarandrade;@thaina_cristinab
layarandrade;@tdalos
layarandrade;@cristintorii
layarandrade;@natiferreira28
layarandrade;@nateferrer
layarandrade;@natyfebezerra
keury_paes;@emyisabellaa
keury_paes;@6aabys
keury_paes;@daniloalvesmar
keury_paes;@pa.tricia1067
keury_paes;@lequinallia
keury_paes;@alanerodriigues
keury_paes;@kiuany_.paes
keury_paes;@nightwolfwr
keury_paes;@daniloalvesmar
keury_paes;@pa.tricia1067
keury_paes;@bea_casagrande
keury_paes;@angelaadeoliveira
keury_paes;@naianegcandido
keury_paes;@kiuany_.paes
keury_paes;@6aabys
keury_paes;@nightwolfwr
keury_paes;@daniloalvesmar
keury_paes;@pa.tricia1067
aline.oliveira21_;@claudia.claudinha.355
aline.oliveira21_;@ivansanchesr32
aline.oliveira21_;@rosepsmachado
aline.oliveira21_;@claudia.claudinha.355
aline.oliveira21_;@andresanches18
aline.oliveira21_;@espacobelezacleusamaria
aline.oliveira21_;@thainafortunatooliv
aline.oliveira21_;@edneia.leite.522
aline.oliveira21_;@thomaz7201
aline.oliveira21_;@shimitex.01
lucas_manzzato;@wellington.eleuterio.31
lucas_manzzato;@tais.eleuterio_
lucas_manzzato;@maiarasampaio16
lucas_manzzato;@pamelatauane_
aline.oliveira21_;@ricardo_araujo_mota
aline.oliveira21_;@angelavergalim
aline.oliveira21_;@drikafalandes
aline.oliveira21_;@tatiane_cristina_oliveira
aline.oliveira21_;@janainadaantas
aline.oliveira21_;@lorry.tavares
aline.oliveira21_;@daycamilaa
aline.oliveira21_;@munhozvaldirene
aline.oliveira21_;@ana.nascteixei
bruno_folco;@gabioliveira87
bruno_folco;@bepereiira
bruno_folco;@edilainediass
bruno_folco;@_mikaeluzun
bruno_folco;@nathaliaa_as
bruno_folco;@felipecalistro_
bruno_folco;@manzato.abm
bruno_folco;@_gustavomel0_
bruno_folco;@roogerbueno
bruno_folco;@eudablio
bruno_folco;@danilorencanoo
bruno_folco;@pamelakmouta
bruno_folco;@angeliicaalmeidaa
bruno_folco;@a_carolinedep
bruno_folco;@guedsmaya
bruno_folco;@babiel_
bruno_folco;@fe_saraiva20
bruno_folco;@leleuzun
bruno_folco;@cnzcarol
bruno_folco;@micha_oliiveira
bruno_folco;@natoliversampaio
bruno_folco;@brunagoncalvesoficial
bruno_folco;@juliacorradim
bruno_folco;@andreluizz07
bruno_folco;@juuliane.gr
bruno_folco;@matheusmmooraes
bruno_folco;@matcastequini
bruno_folco;@alexwilian96
bruno_folco;@vic.freitasc
bruno_folco;@lauraseixas_
bruno_folco;@daltonramanoskii
bruno_folco;@eduardafoolco
bruno_folco;@ferdinanda_nanda
bruno_folco;@tamiresfolco
bruno_folco;@nutrierickpinheiro
bruno_folco;@denisefolco
bruno_folco;@regianefolco
bruno_folco;@manuelacoqueiroo
bruno_folco;@afflocatellii
bruno_folco;@anajuxavier
bruno_folco;@tais.eleuterio_
bruno_folco;@quel_marassi
bruno_folco;@milenadjuraskovic
bruno_folco;@franlancine
bruno_folco;@leonbrazoloto
bruno_folco;@wellington.eleuterio.31
bruno_folco;@faabi_pizzoni
bruno_folco;@maiarasampaio16
bruno_folco;@lucasmanzatoconsorcio_
bruno_folco;@lucas_manzzato
bruno_folco;@rosely_folco
bruno_folco;@pamelatauane_
aline.oliveira21_;@elianabonfim2026
aline.oliveira21_;@thomaz7201
aline.oliveira21_;@simoneferreira8141
aline.oliveira21_;@carvalhocrisb
aline.oliveira21_;@alinecardozodealmeida
aline.oliveira21_;@janainagomesda73
aline.oliveira21_;@xmilima23
aline.oliveira21_;@_maria.janielysilva
aline.oliveira21_;@marialopes_barbosa
aline.oliveira21_;@tayronsantos22
aline.oliveira21_;@paulinhalima57
aline.oliveira21_;@rosepsmachado
aline.oliveira21_;@marialopes_barbosa
aline.oliveira21_;@diasjerusadefarias
aline.oliveira21_;@_.lilokaaa10
aline.oliveira21_;@ana_zinhani
aline.oliveira21_;@edneia.leite.522
aline.oliveira21_;@simoneferreira8141
aline.oliveira21_;@angelicaasandrade
aline.oliveira21_;@andresanches18
aline.oliveira21_;@tayronsantos22
aline.oliveira21_;@rosemeiredepaula3
adalbertogualter;@joaopanobianco
adalbertogualter;@andresdefreitass
aline.oliveira21_;@lays_crys02
aline.oliveira21_;@adryana492
aline.oliveira21_;@eu_lucimarferigate
aline.oliveira21_;@preciosapaty777
aline.oliveira21_;@leticiassilvaah
aline.oliveira21_;@lainesilvaribeiro
aline.oliveira21_;@joelma_teixeiramelo
aline.oliveira21_;@rafa_carvaalho_
aline.oliveira21_;@giselemarapinheiro1986
aline.oliveira21_;@kelren_aruna
aline.oliveira21_;@adevaircolucci
aline.oliveira21_;@diasjerusadefarias
aline.oliveira21_;@ana.nascteixei
aline.oliveira21_;@paulinhalima57
aline.oliveira21_;@esmaildasouza
aline.oliveira21_;@joelma_teixeiramelo
aline.oliveira21_;@goreti203ccb
aline.oliveira21_;@cleane2902
aline.oliveira21_;@dnerso77
aline.oliveira21_;@gabrielgomesdasilva18
aline.oliveira21_;@lainesilvaribeiro
aline.oliveira21_;@lear_acustico
aline.oliveira21_;@mineirinha1508
aline.oliveira21_;@angelavergalim
aline.oliveira21_;@janainagomesda73
aline.oliveira21_;@alinecardozodealmeida
aline.oliveira21_;@_ivanildemartinss
aline.oliveira21_;@massucatto_lurdinha
aline.oliveira21_;@adryana492
aline.oliveira21_;@ps_deane
aline.oliveira21_;@iracipereira.pardim
aline.oliveira21_;@rosepsmachado
aline.oliveira21_;@espacobelezacleusamaria
aline.oliveira21_;@rosepsmachado
aline.oliveira21_;@edneia.leite.522
aline.oliveira21_;@paula5768
aline.oliveira21_;@roberto.galiano22
aline.oliveira21_;@juninho08silva
aline.oliveira21_;@alinecardozodealmeida
aline.oliveira21_;@shimitex.01
aline.oliveira21_;@diasjerusadefarias
aline.oliveira21_;@edison.lourenco.507
aline.oliveira21_;@cristiane__leme
aline.oliveira21_;@edvaldoagripino_cosmeticos
aline.oliveira21_;@lear_acustico
aline.oliveira21_;@mineirinha1508
aline.oliveira21_;@rosemeiredepaula3
roberttalves;@claprado22
roberttalves;@iaramarisaprado
roberttalves;@nataliabugno
roberttalves;@maria_analia
roberttalves;@rafael_p_jorge
roberttalves;@fabiabdo
roberttalves;@magaliaob
roberttalves;@marcellalvves
aline.oliveira21_;@sandra_lrgodoy
aline.oliveira21_;@adryana492
aline.oliveira21_;@xmilima23
aline.oliveira21_;@rainier83
aline.oliveira21_;@luciatateishi
aline.oliveira21_;@angelavergalim
aline.oliveira21_;@lays_crys02
aline.oliveira21_;@janainagomesda73
aline.oliveira21_;@elianabonfim2026
aline.oliveira21_;@edneia.leite.522
aline.oliveira21_;@kelren_aruna
aline.oliveira21_;@_silvaaa.zl_
aline.oliveira21_;@massucatto_lurdinha
aline.oliveira21_;@juninho08silva
aline.oliveira21_;@lorry.tavares
aline.oliveira21_;@angelavergalim
aline.oliveira21_;@daycamilaa
aline.oliveira21_;@goreti203ccb
aline.oliveira21_;@eduardagomes1110
aline.oliveira21_;@rosepsmachado
aline.oliveira21_;@drikafalandes
aline.oliveira21_;@janainagomesda73
aline.oliveira21_;@mineirinha1508
aline.oliveira21_;@antonellamello
aline.oliveira21_;@carvalhocrisb
aline.oliveira21_;@edison.lourenco.507
aline.oliveira21_;@murjia
aline.oliveira21_;@siimone_paulino
aline.oliveira21_;@millanleite252
aline.oliveira21_;@gabrieleduarte08
aline.oliveira21_;@thassiazoppas
aline.oliveira21_;@rainier83
aline.oliveira21_;@lucimar_ferigate
aline.oliveira21_;@suelenstephanido
aline.oliveira21_;@senyelenarodrigues
aline.oliveira21_;@leticia.lovatoo
aline.oliveira21_;@daycamilaa
aline.oliveira21_;@leticiassilvaah
aline.oliveira21_;@deboragarciaregina
aline.oliveira21_;@diasjerusadefarias
aline.oliveira21_;@silva__eli
aline.oliveira21_;@lu_ferigate
aline.oliveira21_;@cris_martins1008
aline.oliveira21_;@miriam_89786
aline.oliveira21_;@lylleme
aline.oliveira21_;@nessadepoisdos30
aline.oliveira21_;@gah_rodrigues59
aline.oliveira21_;@stephaniesilva_0412
aline.oliveira21_;@adryana492
aline.oliveira21_;@sandra_lrgodoy
aline.oliveira21_;@santosedinalvabezerrados
aline.oliveira21_;@cleideferreira.adv
aline.oliveira21_;@xmilima23
aline.oliveira21_;@agatah_100
aline.oliveira21_;@lo_domingues12
aline.oliveira21_;@analytanaka
aline.oliveira21_;@meireellenmeloo
aline.oliveira21_;@rodinei.antunes
aline.oliveira21_;@marialopes_barbosa
aline.oliveira21_;@lelima62
aline.oliveira21_;@adevaircolucci
aline.oliveira21_;@roberto.galiano22
aline.oliveira21_;@simoneferreira8141
aline.oliveira21_;@agatah_100
aline.oliveira21_;@28.756030
aline.oliveira21_;@stephaniesilva_0412
aline.oliveira21_;@tatiane_cristina_oliveira
aline.oliveira21_;@nandoalves1000
aline.oliveira21_;@wilsonfogacat
aline.oliveira21_;@ps_deane
aline.oliveira21_;@marangonimarciano
aline.oliveira21_;@analytanaka
aline.oliveira21_;@franciscoalmeida4760
aline.oliveira21_;@meireellenmeloo
aline.oliveira21_;@mariaisabel.cassiano.1
aline.oliveira21_;@cris_martins1008
aline.oliveira21_;@_silvaaa.zl_
aline.oliveira21_;@jpaulonascimentods
aline.oliveira21_;@maisaxan
aline.oliveira21_;@giselemarapinheiro1986
aline.oliveira21_;@kamilly.leitee
aline.oliveira21_;@binho_guto253
aline.oliveira21_;@lo_domingues12
aline.oliveira21_;@elaine_honorato_14
aline.oliveira21_;@barbara49costa
aline.oliveira21_;@stefaneketily
aline.oliveira21_;@carolsilvabraids
aline.oliveira21_;@eu_lucimarferigate
aline.oliveira21_;@patriciaagirotto
aline.oliveira21_;@santos.indi
aline.oliveira21_;@lays_crys02
aline.oliveira21_;@prisonsim
aline.oliveira21_;@ivansanchesr32
aline.oliveira21_;@nessadepoisdos30
aline.oliveira21_;@pvdd.jujubys
aline.oliveira21_;@_santzc_015
aline.oliveira21_;@_silvaaa.zl_
aline.oliveira21_;@lanzaamarildo
aline.oliveira21_;@adryana492
aline.oliveira21_;@owl_16_junho
aline.oliveira21_;@lena.alves.9047
aline.oliveira21_;@ket_forte_
aline.oliveira21_;@alinecardozodealmeida
aline.oliveira21_;@ivansanchesr32
aline.oliveira21_;@ana.nascteixei
aline.oliveira21_;@anamaria.matia
aline.oliveira21_;@eu_lucimarferigate
aline.oliveira21_;@giselemarapinheiro1986
aline.oliveira21_;@kelren_aruna
aline.oliveira21_;@tatiane_cristina_oliveira
aline.oliveira21_;@aldairsoaresdas
aline.oliveira21_;@lanzaamarildo
aline.oliveira21_;@rafa_carvaalho_
aline.oliveira21_;@elianabonfim2026
aline.oliveira21_;@edison.lourenco.507
aline.oliveira21_;@ceciliagi333
aline.oliveira21_;@elaine_honorato_14
aline.oliveira21_;@gah_rodrigues59
aline.oliveira21_;@okada_lee
aline.oliveira21_;@portolaniangela
aline.oliveira21_;@gabrieleduarte08
aline.oliveira21_;@senyelenarodrigues
aline.oliveira21_;@cris_martins1008
aline.oliveira21_;@jeniferaparecida67
aline.oliveira21_;@melgabriele10
aline.oliveira21_;@xmilima23
aline.oliveira21_;@tayronsantos22
aline.oliveira21_;@cristiane__leme
aline.oliveira21_;@cleane2902
aline.oliveira21_;@angelavergalim
aline.oliveira21_;@cleideferreira.adv
aline.oliveira21_;@edvaldoagripino_cosmeticos
aline.oliveira21_;@pr.adrianomaciel1805
aline.oliveira21_;@espacobelezacleusamaria
aline.oliveira21_;@sara.miranda.5680
aline.oliveira21_;@massucatto_lurdinha
aline.oliveira21_;@taty_hila
aline.oliveira21_;@roberto.galiano22
aline.oliveira21_;@lena.alves.9047
aline.oliveira21_;@lainesilvaribeiro
aline.oliveira21_;@rosepsmachado
aline.oliveira21_;@ket_forte_
aline.oliveira21_;@rosemeiredepaula3
aline.oliveira21_;@peracinitati
aline.oliveira21_;@taniagafernandes
aline.oliveira21_;@alinecardozodealmeida
aline.oliveira21_;@taniagafernandes
aline.oliveira21_;@sara.miranda.5680
aline.oliveira21_;@_maria.janielysilva
aline.oliveira21_;@deniartes2022
aline.oliveira21_;@danielaribeiro182
aline.oliveira21_;@janainagomesda73
aline.oliveira21_;@varanda_da_fazenda
fabi_nogueira_freitas;@sofiafreitasc
angeliicaalmeidaa;@abelc.s
angeliicaalmeidaa;@cristianemore4
angeliicaalmeidaa;@rafaellamlle
angeliicaalmeidaa;@anayppp
angeliicaalmeidaa;@kah.baron
angeliicaalmeidaa;@gusttavolds
angeliicaalmeidaa;@dailydalelettiiii
aline.oliveira21_;@cris_martins1008
aline.oliveira21_;@edison.lourenco.507
aline.oliveira21_;@andrezin20146
aline.oliveira21_;@marialopes_barbosa
aline.oliveira21_;@__nascimento1
aline.oliveira21_;@santosedinalvabezerrados
aline.oliveira21_;@lays_crys02
aline.oliveira21_;@ana.nascteixei
aline.oliveira21_;@_angelcestari
aline.oliveira21_;@munhozvaldirene
aline.oliveira21_;@dayaborges1994
aline.oliveira21_;@laahprado_batista
aline.oliveira21_;@rafa_carvaalho_
aline.oliveira21_;@anaaa_1d
aline.oliveira21_;@xmilima23
aline.oliveira21_;@owl_16_junho
aline.oliveira21_;@senyelenarodrigues
aline.oliveira21_;@esmaildasouza
aline.oliveira21_;@gisele2277
aline.oliveira21_;@paula5768
aline.oliveira21_;@kamilly.leitee
aline.oliveira21_;@janainagomesda73
aline.oliveira21_;@jpaulonascimentods
aline.oliveira21_;@joelma_teixeiramelo
angeliicaalmeidaa;@lelettiiii
aline.oliveira21_;@kelren_aruna
aline.oliveira21_;@peracinitati
aline.oliveira21_;@elianabonfim2026
aline.oliveira21_;@mineirinha1508
aline.oliveira21_;@elianabonfim2026
aline.oliveira21_;@edvaldoagripino_cosmeticos
aline.oliveira21_;@eduardagomes1110
aline.oliveira21_;@steph.leme
aline.oliveira21_;@mineirinha1508
aline.oliveira21_;@shimitex.01
aline.oliveira21_;@patriciarodrigues0407
aline.oliveira21_;@camilaoliveira9291
aline.oliveira21_;@camilaoliveira9291
aline.oliveira21_;@murjia
aline.oliveira21_;@pr.adrianomaciel1805
aline.oliveira21_;@thomaz7201
aline.oliveira21_;@jason_valsecchi
aline.oliveira21_;@massucatto_lurdinha
aline.oliveira21_;@patriciarodrigues0407
aline.oliveira21_;@thomaz7201
aline.oliveira21_;@massucatto_lurdinha
aline.oliveira21_;@drikafalandes
aline.oliveira21_;@thainafortunatooliv
aline.oliveira21_;@owl_16_junho
robertaalessandragaino;@loremtnutri
robertaalessandragaino;@victor.girondi
robertaalessandragaino;@carlacursi
robertaalessandragaino;@amandaportelaa
robertaalessandragaino;@muriloamorim88
robertaalessandragaino;@andremazzon
robertaalessandragaino;@cristianesfioravanti2020
jaqueprattess;@gatto_bia_
dannydgarcia;@pedro.galhardoadv
dannydgarcia;@gabrielaolvj
dannydgarcia;@patm_galhardo
dannydgarcia;@mauricioburi
elen_santos36;@aline.oliveira21_
girlei_andrade;@gracieelee96
girlei_andrade;@tavares018_
girlei_andrade;@dani_praes_029
girlei_andrade;@cristinaalvess01
girlei_andrade;@kcah.andrade
lelettiiii;@lorraineingriddasilva
lelettiiii;@viniii_96
lelettiiii;@murilo_autieri
lelettiiii;@abelc.s
lelettiiii;@jonatasmarini
lelettiiii;@_phyetragoesfz
lelettiiii;@felipeegirotto
lelettiiii;@willianscutari
lelettiiii;@angelicatruzzipavao
lelettiiii;@miriac.barbosa
lelettiiii;@demorode
lelettiiii;@thiago.vitrinee
lelettiiii;@jhenny.barboza
lelettiiii;@todescatonatalia
lelettiiii;@aisabelapacheco
lelettiiii;@silvanaamanzano
lelettiiii;@luaa.quino
lelettiiii;@ligiaaquinoo
lelettiiii;@carlospavarini
lelettiiii;@felipejvasc
lelettiiii;@caiovasc
lelettiiii;@nath.moreirasi
lelettiiii;@vitoriaaa.polianaa
lelettiiii;@thayy_franca
lelettiiii;@jennymayumii
lelettiiii;@brunonogueira_21
lelettiiii;@willsinhuuofc
lelettiiii;@igorsaampaio
lelettiiii;@michele_araujo_dias
lelettiiii;@ieaekaua
lelettiiii;@italo_fontana_
lelettiiii;@homerosjs
lelettiiii;@josilais
lelettiiii;@dani_hermosilla
lelettiiii;@isabellapsales
lelettiiii;@leticia.freitasm
lelettiiii;@anaespadoto_
lelettiiii;@cristianemore4
lelettiiii;@irgo014
lelettiiii;@begirotto_
lelettiiii;@rafaellamlle
lelettiiii;@kodaniandrea
lelettiiii;@amandamanfreestetica
lelettiiii;@juliiianasilvacoosta
lelettiiii;@mluizaramalho_
lelettiiii;@caiosilveira___
lelettiiii;@isaoliveira_sant
lelettiiii;@anayppp
lelettiiii;@marinaarauj
lelettiiii;@kah.baron
lelettiiii;@emily.vaaz
lelettiiii;@cris_vinicius_dias
lelettiiii;@jussilverio
lelettiiii;@carolinemariaah
lelettiiii;@tutti.ramos_
lelettiiii;@brubmariana
lelettiiii;@isis_deoliveirapaulino
lelettiiii;@joaofbarbosa
lelettiiii;@angeliicaalmeidaa
lelettiiii;@gusttavolds
aline.oliveira21_;@nilzabisterco
aline.oliveira21_;@jeniferaparecida67
aline.oliveira21_;@fabiana.lima.76
aline.oliveira21_;@laahprado_batista
aline.oliveira21_;@angelicaasandrade
aline.oliveira21_;@olivieraleide
aline.oliveira21_;@andrezin20146
aline.oliveira21_;@munhozvaldirene
aline.oliveira21_;@silva__eli
aline.oliveira21_;@santosedinalvabezerrados
aline.oliveira21_;@robertaalcaldeleati
aline.oliveira21_;@ana.nascteixei
aline.oliveira21_;@vilna.peppe
aline.oliveira21_;@binho_guto253
aline.oliveira21_;@rainier83
aline.oliveira21_;@diasjerusadefarias
aline.oliveira21_;@xmilima23
aline.oliveira21_;@lorry.tavares
aline.oliveira21_;@fabiana.lima.76
aline.oliveira21_;@binho_guto253
aline.oliveira21_;@adryana492
aline.oliveira21_;@angelicaasandrade
aline.oliveira21_;@patriciarodrigues0407
aline.oliveira21_;@stephaniesilva_0412
aline.oliveira21_;@patriciarodrigues0407
aline.oliveira21_;@dayaborges1994
aline.oliveira21_;@andresanches18
aline.oliveira21_;@cleane2902
aline.oliveira21_;@thassiazoppas
aline.oliveira21_;@kamilly.leitee
aline.oliveira21_;@gisele2277
aline.oliveira21_;@lo_domingues12
aline.oliveira21_;@_angelcestari
aline.oliveira21_;@giselemarapinheiro1986
aline.oliveira21_;@preciosapaty777
aline.oliveira21_;@okada_lee
aline.oliveira21_;@luciatateishi
aline.oliveira21_;@robertaalcaldeleati
aline.oliveira21_;@patriciaagirotto
aline.oliveira21_;@ket_forte_
aline.oliveira21_;@santosedinalvabezerrados
aline.oliveira21_;@rafa_carvaalho_
aline.oliveira21_;@suelenstephanido
aline.oliveira21_;@robertaalcaldeleati
aline.oliveira21_;@28.756030
aline.oliveira21_;@_angelcestari
aline.oliveira21_;@eduardagomes1110
aline.oliveira21_;@prisonsim
aline.oliveira21_;@daycamilaa
aline.oliveira21_;@angelavergalim
aline.oliveira21_;@xmilima23
aline.oliveira21_;@mineirinha1508
aline.oliveira21_;@_.lilokaaa10
aline.oliveira21_;@claudia.claudinha.355
aline.oliveira21_;@cristiane__leme
aline.oliveira21_;@steph.leme
aline.oliveira21_;@joelma_teixeiramelo
aline.oliveira21_;@mariadaconceicaodejesussalles
aline.oliveira21_;@melgabriele10
aline.oliveira21_;@rodrigues.kaua
aline.oliveira21_;@_angelcestari
aline.oliveira21_;@kamilly.leitee
aline.oliveira21_;@roberto.galiano22
aline.oliveira21_;@janainagomesda73
aline.oliveira21_;@massucatto_lurdinha
aline.oliveira21_;@antonellamello
aline.oliveira21_;@lainesilvaribeiro
aline.oliveira21_;@deniartes2022
aline.oliveira21_;@patriciarodrigues0407
aline.oliveira21_;@patriciarodrigues0407
aline.oliveira21_;@patriciarodrigues0407
aline.oliveira21_;@patriciarodrigues0407
aline.oliveira21_;@tayronsantos22
aline.oliveira21_;@lainesilvaribeiro
aline.oliveira21_;@pr.adrianomaciel1805
aline.oliveira21_;@mineirinha1508
aline.oliveira21_;@goreti203ccb
aline.oliveira21_;@giihlt
aline.oliveira21_;@siimone_paulino
aline.oliveira21_;@owl_16_junho
francieleraupp_;@renatapraupp
francieleraupp_;@larissaraupp
francieleraupp_;@_vini_silveira_
eloisavictoriia;@henrygonc
eloisavictoriia;@marinesvellucci
eloisavictoriia;@gabys._snts
eloisavictoriia;@marioecidinha
eloisavictoriia;@vvaniasantiago
eloisavictoriia;@amandacanevazzigr
eloisavictoriia;@stelacanevazzi
aline.oliveira21_;@alice_souza.silva
aline.oliveira21_;@patriciarodrigues0407
aline.oliveira21_;@massucatto_lurdinha
aline.oliveira21_;@antonellamello
aline.oliveira21_;@patriciarodrigues0407
aline.oliveira21_;@danielaribeiro182
aline.oliveira21_;@cristiane__leme
aline.oliveira21_;@joelma_teixeiramelo
aline.oliveira21_;@cristiane__leme
aline.oliveira21_;@alice_souza.silva
aline.oliveira21_;@carvalhocrisb
aline.oliveira21_;@taniagafernandes
aline.oliveira21_;@lainesilvaribeiro
aline.oliveira21_;@siimone_paulino
aline.oliveira21_;@patriciarodrigues0407
aline.oliveira21_;@camilaoliveira9291
aline.oliveira21_;@murjia
aline.oliveira21_;@pr.adrianomaciel1805
aline.oliveira21_;@thomaz7201
aline.oliveira21_;@jason_valsecchi
aline.oliveira21_;@rosemeiredepaula3
aline.oliveira21_;@denerdenival
aline.oliveira21_;@simoneferreira8141
aline.oliveira21_;@adriano.maciel.39395033
aline.oliveira21_;@tayronsantos22
aline.oliveira21_;@drikafalandes
aline.oliveira21_;@cleideferreira.adv
aline.oliveira21_;@millanleite252
aline.oliveira21_;@varanda_da_fazenda
aline.oliveira21_;@millanleite252
aline.oliveira21_;@cleideferreira.adv
aline.oliveira21_;@thainafortunatooliv
aline.oliveira21_;@owl_16_junho
aline.oliveira21_;@giihlt
aline.oliveira21_;@goreti203ccb
aline.oliveira21_;@sara.miranda.5680
vinicius_cardoso82;@eber_andre
cidinha4080;@tommarintom
cidinha4080;@nlhamas
cidinha4080;@vanuza.oliveira.75491
cidinha4080;@cidinharufini
cidinha4080;@lyncolnferreira7
cidinha4080;@laurabfernandes_
cidinha4080;@lucasoliver123456789
cidinha4080;@isazanelatti
cidinha4080;@santosleandro586
cidinha4080;@luispaulolpoliveira
cidinha4080;@paamelasantoss
cidinha4080;@marcospaulo_dhurbi
cidinha4080;@eunicedepaivaoliveira
cidinha4080;@fatima.oliver2023
cidinha4080;@toxa.americo o
cidinha4080;@terezinhavgaioto
cidinha4080;@tamaraoliveira228
cidinha4080;@jhessika_brichezi
cidinha4080;@valeria.costa1966
cidinha4080;@lucianasouza8421 .
cidinha4080;@cristina.bueno.988926
cidinha4080;@silmonteiro2
cidinha4080;@lucianasouza8421
cidinha4080;@_alzirasantoss
cidinha4080;@daniel.visouza
cidinha4080;@rogeriomagarotto
cidinha4080;@renatomelo48
cidinha4080;@raulmax.02
cidinha4080;@cidinharufini
cidinha4080;@rodrigo_silva2806
cidinha4080;@ellen5042
cidinha4080;@rayvit.21
cidinha4080;@edumistermousse
cidinha4080;@emily.galvao
cidinha4080;@eloise.fernandees
cidinha4080;@emanuella._fernandes
cidinha4080;@eunicedepaivaoliveira
cidinha4080;@anapaulasantana3061
marli_deoliveira;@arq.larissayuri
cidinha4080;@ronilson_ronilso
cidinha4080;@ana_paula1812santana
cidinha4080;@andreiaperseghine
marli_deoliveira;@heliabalasso
cidinha4080;@angelicaasandrade
cidinha4080;@matosmarco76
cidinha4080;@cleusaeamanda
cidinha4080;@maaaoliver2025
cidinha4080;@marcelodeoliveiraaquino
cidinha4080;@mari.a229656
cidinha4080;@lucasmauricio30122014
cidinha4080;@dailangalvao09
cidinha4080;@cleusamaoliver
cidinha4080;@marli_deoliveira
cidinha4080;@lukkinhas_mauricio
cidinha4080;@henryxavier.02
cidinha4080;@rayssavitoriaax
nutri.jenniportate;@helderportate
priiifelixbachega;@bepereiira
mavipola;@jv.rebello
mavipola;@joycearaujo021
mavipola;@chefebiabellomo
mavipola;@andrevilellla
_mahlealVerificado;Topp!!👏👏👏
deniseolivercosta;@pattyhbissoli
